process_number;process_name;point;type;sequence;source
1;USUARIO_ACTUAL;On Demand;PL/SQL Anonymous Block;10;DECLARE
  l_cur SYS_REFCURSOR;
BEGIN
  OPEN l_cur FOR
    SELECT u.id_usuario  AS id,
           u.nombre,
           UPPER(u.rol)  AS rol
      FROM crm_usuario u
     WHERE UPPER(u.email) = UPPER(v('APP_USER'))
       AND u.activo = 1;

  APEX_JSON.OPEN_OBJECT;
  APEX_JSON.WRITE('data', l_cur);
  APEX_JSON.CLOSE_OBJECT;
END;
/
2;CIUDADES_LIST;On Demand;PL/SQL Anonymous Block;20;DECLARE
  l_cur SYS_REFCURSOR;
BEGIN
  OPEN l_cur FOR
    SELECT m.id_municipio AS id,
           m.nombre,
           d.nombre       AS departamento
      FROM crm_municipio m
      JOIN crm_departamento d ON d.id_departamento = m.id_departamento
     ORDER BY d.nombre, m.nombre;

  APEX_JSON.OPEN_OBJECT;
  APEX_JSON.WRITE('data', l_cur);
  APEX_JSON.CLOSE_OBJECT;
END;
/
3;CLIENTES_LIST;On Demand;PL/SQL Anonymous Block;30;DECLARE
  l_cur SYS_REFCURSOR;
BEGIN
  OPEN l_cur FOR
    SELECT e.id_empresa                               AS id,
           e.nombre                                   AS empresa,
           c.nombre || ' ' || c.apellido              AS nombre,
           m.nombre                                   AS ciudad,
           m.id_municipio                             AS ciudad_id,
           em.email,
           t.numero                                   AS telefono,
           e.activo,
           e.fecha_creacion
      FROM crm_empresa e
      LEFT JOIN crm_contacto c  ON c.id_empresa = e.id_empresa
                               AND c.es_principal = 1
                               AND c.activo = 1
      LEFT JOIN crm_email em    ON em.id_contacto = c.id_contacto
                               AND ROWNUM = 1
      LEFT JOIN crm_telefono t  ON t.id_contacto = c.id_contacto
                               AND ROWNUM = 1
      LEFT JOIN crm_municipio m ON m.id_municipio = e.id_municipio
     WHERE e.activo = 1
     ORDER BY e.nombre;

  APEX_JSON.OPEN_OBJECT;
  APEX_JSON.WRITE('data', l_cur);
  APEX_JSON.CLOSE_OBJECT;
END;
/
4;CLIENTES_GET;On Demand;PL/SQL Anonymous Block;40;DECLARE
  l_cur SYS_REFCURSOR;
  l_id  NUMBER := TO_NUMBER(APEX_APPLICATION.G_X01);
BEGIN
  OPEN l_cur FOR
    SELECT e.id_empresa                               AS id,
           e.nombre                                   AS empresa,
           c.nombre || ' ' || c.apellido              AS nombre,
           c.cargo,
           m.nombre                                   AS ciudad,
           m.id_municipio                             AS ciudad_id,
           em.email,
           t.numero                                   AS telefono,
           e.activo,
           e.fecha_creacion
      FROM crm_empresa e
      LEFT JOIN crm_contacto c  ON c.id_empresa = e.id_empresa AND c.es_principal = 1
      LEFT JOIN crm_email em    ON em.id_contacto = c.id_contacto
      LEFT JOIN crm_telefono t  ON t.id_contacto = c.id_contacto
      LEFT JOIN crm_municipio m ON m.id_municipio = e.id_municipio
     WHERE e.id_empresa = l_id;

  APEX_JSON.OPEN_OBJECT;
  APEX_JSON.WRITE('data', l_cur);
  APEX_JSON.CLOSE_OBJECT;
END;
/
5;CLIENTES_CREATE;On Demand;PL/SQL Anonymous Block;50;DECLARE
  l_empresa_id   NUMBER;
  l_contacto_id  NUMBER;
BEGIN
  INSERT INTO crm_empresa (id_empresa, nombre, activo, nuevo, fecha_creacion, id_municipio)
  VALUES (crm_empresa_seq.NEXTVAL,
          APEX_APPLICATION.G_X02,
          1, 1, SYSDATE,
          TO_NUMBER(NULLIF(APEX_APPLICATION.G_X04, '')))
  RETURNING id_empresa INTO l_empresa_id;

  INSERT INTO crm_contacto (id_contacto, nombre, apellido, es_principal, activo, fecha_creacion, id_empresa)
  VALUES (crm_contacto_seq.NEXTVAL,
          APEX_APPLICATION.G_X01,
          NULL, 1, 1, SYSDATE,
          l_empresa_id)
  RETURNING id_contacto INTO l_contacto_id;

  IF APEX_APPLICATION.G_X05 IS NOT NULL THEN
    INSERT INTO crm_email (id_email, email, id_contacto)
    VALUES (crm_email_seq.NEXTVAL, APEX_APPLICATION.G_X05, l_contacto_id);
  END IF;

  IF APEX_APPLICATION.G_X06 IS NOT NULL THEN
    INSERT INTO crm_telefono (id_telefono, numero, id_contacto)
    VALUES (crm_telefono_seq.NEXTVAL, APEX_APPLICATION.G_X06, l_contacto_id);
  END IF;

  APEX_JSON.OPEN_OBJECT;
  APEX_JSON.WRITE('id',      l_empresa_id);
  APEX_JSON.WRITE('success', TRUE);
  APEX_JSON.CLOSE_OBJECT;

EXCEPTION
  WHEN OTHERS THEN
    ROLLBACK;
    APEX_JSON.OPEN_OBJECT;
    APEX_JSON.WRITE('success', FALSE);
    APEX_JSON.WRITE('error',   SQLERRM);
    APEX_JSON.CLOSE_OBJECT;
END;
/
6;CLIENTES_UPDATE;On Demand;PL/SQL Anonymous Block;60;DECLARE
  l_id          NUMBER := TO_NUMBER(APEX_APPLICATION.G_X01);
  l_contacto_id NUMBER;
BEGIN
  UPDATE crm_empresa
     SET nombre       = APEX_APPLICATION.G_X03,
         id_municipio = TO_NUMBER(NULLIF(APEX_APPLICATION.G_X05, ''))
   WHERE id_empresa = l_id;

  SELECT id_contacto INTO l_contacto_id
    FROM crm_contacto
   WHERE id_empresa = l_id AND es_principal = 1 AND ROWNUM = 1;

  UPDATE crm_contacto
     SET nombre = APEX_APPLICATION.G_X02
   WHERE id_contacto = l_contacto_id;

  MERGE INTO crm_email em
  USING (SELECT l_contacto_id AS id_contacto FROM DUAL) src
     ON (em.id_contacto = src.id_contacto)
   WHEN MATCHED THEN
     UPDATE SET em.email = APEX_APPLICATION.G_X06
   WHEN NOT MATCHED THEN
     INSERT (id_email, email, id_contacto)
     VALUES (crm_email_seq.NEXTVAL, APEX_APPLICATION.G_X06, l_contacto_id);

  MERGE INTO crm_telefono t
  USING (SELECT l_contacto_id AS id_contacto FROM DUAL) src
     ON (t.id_contacto = src.id_contacto)
   WHEN MATCHED THEN
     UPDATE SET t.numero = APEX_APPLICATION.G_X07
   WHEN NOT MATCHED THEN
     INSERT (id_telefono, numero, id_contacto)
     VALUES (crm_telefono_seq.NEXTVAL, APEX_APPLICATION.G_X07, l_contacto_id);

  APEX_JSON.OPEN_OBJECT;
  APEX_JSON.WRITE('success', SQL%ROWCOUNT >= 0);
  APEX_JSON.CLOSE_OBJECT;

EXCEPTION
  WHEN OTHERS THEN
    ROLLBACK;
    APEX_JSON.OPEN_OBJECT;
    APEX_JSON.WRITE('success', FALSE);
    APEX_JSON.WRITE('error',   SQLERRM);
    APEX_JSON.CLOSE_OBJECT;
END;
/
7;LEADS_LIST;On Demand;PL/SQL Anonymous Block;70;DECLARE
  l_cur        SYS_REFCURSOR;
  l_usuario_id NUMBER;
BEGIN
  SELECT id_usuario INTO l_usuario_id
    FROM crm_usuario
   WHERE UPPER(email) = UPPER(v('APP_USER')) AND activo = 1;

  OPEN l_cur FOR
    SELECT l.id_lead                  AS id,
           l.titulo,
           l.descripcion,
           l.score,
           l.nombre_empresa,
           l.nombre_contacto,
           l.telefono_contacto        AS telefono,
           l.email_contacto           AS email,
           l.fecha_creacion,
           l.fecha_actualizacion,
           el.nombre                  AS estado,
           el.tipo                    AS estado_tipo,
           el.color_hex               AS estado_color,
           ol.nombre                  AS origen,
           ol.color_hex               AS origen_color,
           CASE WHEN l.id_oportunidad_generada IS NOT NULL THEN 1 ELSE 0 END AS convertido
      FROM crm_lead l
      JOIN crm_estado_lead el  ON el.id_estado_lead = l.id_estado_lead
      JOIN crm_origen_lead ol  ON ol.id_origen_lead = l.id_origen_lead
     WHERE l.id_usuario = l_usuario_id
     ORDER BY l.fecha_actualizacion DESC;

  APEX_JSON.OPEN_OBJECT;
  APEX_JSON.WRITE('data', l_cur);
  APEX_JSON.CLOSE_OBJECT;
END;
/
8;LEADS_GET;On Demand;PL/SQL Anonymous Block;80;DECLARE
  l_cur SYS_REFCURSOR;
  l_id  NUMBER := TO_NUMBER(APEX_APPLICATION.G_X01);
BEGIN
  OPEN l_cur FOR
    SELECT l.id_lead                  AS id,
           l.titulo,
           l.descripcion,
           l.score,
           l.nombre_empresa,
           l.nombre_contacto,
           l.telefono_contacto        AS telefono,
           l.email_contacto           AS email,
           l.fecha_creacion,
           l.fecha_actualizacion,
           el.id_estado_lead          AS estado_id,
           el.nombre                  AS estado,
           el.tipo                    AS estado_tipo,
           ol.id_origen_lead          AS origen_id,
           ol.nombre                  AS origen,
           l.id_oportunidad_generada,
           l.motivo_descalificacion_obs
      FROM crm_lead l
      JOIN crm_estado_lead el ON el.id_estado_lead = l.id_estado_lead
      JOIN crm_origen_lead ol ON ol.id_origen_lead = l.id_origen_lead
     WHERE l.id_lead = l_id;

  APEX_JSON.OPEN_OBJECT;
  APEX_JSON.WRITE('data', l_cur);
  APEX_JSON.CLOSE_OBJECT;
END;
/
9;LEADS_CREATE;On Demand;PL/SQL Anonymous Block;90;DECLARE
  l_id          NUMBER;
  l_usuario_id  NUMBER;
  l_estado_id   NUMBER;
BEGIN
  SELECT id_usuario INTO l_usuario_id
    FROM crm_usuario
   WHERE UPPER(email) = UPPER(v('APP_USER')) AND activo = 1;

  SELECT id_estado_lead INTO l_estado_id
    FROM (SELECT id_estado_lead FROM crm_estado_lead ORDER BY orden ASC)
   WHERE ROWNUM = 1;

  INSERT INTO crm_lead (
    id_lead, titulo, descripcion, score,
    id_estado_lead, id_origen_lead,
    nombre_empresa, nombre_contacto,
    telefono_contacto, email_contacto,
    fecha_creacion, fecha_actualizacion,
    id_usuario
  ) VALUES (
    crm_lead_seq.NEXTVAL,
    APEX_APPLICATION.G_X01,
    APEX_APPLICATION.G_X08,
    0,
    l_estado_id,
    TO_NUMBER(NULLIF(APEX_APPLICATION.G_X05, '')),
    APEX_APPLICATION.G_X02,
    NULL,
    APEX_APPLICATION.G_X04,
    APEX_APPLICATION.G_X03,
    SYSDATE, SYSDATE,
    l_usuario_id
  ) RETURNING id_lead INTO l_id;

  APEX_JSON.OPEN_OBJECT;
  APEX_JSON.WRITE('id',      l_id);
  APEX_JSON.WRITE('success', TRUE);
  APEX_JSON.CLOSE_OBJECT;

EXCEPTION
  WHEN OTHERS THEN
    ROLLBACK;
    APEX_JSON.OPEN_OBJECT;
    APEX_JSON.WRITE('success', FALSE);
    APEX_JSON.WRITE('error',   SQLERRM);
    APEX_JSON.CLOSE_OBJECT;
END;
/
10;LEADS_UPDATE;On Demand;PL/SQL Anonymous Block;100;DECLARE
  l_id NUMBER := TO_NUMBER(APEX_APPLICATION.G_X01);
BEGIN
  UPDATE crm_lead
     SET titulo              = APEX_APPLICATION.G_X02,
         nombre_empresa      = APEX_APPLICATION.G_X03,
         email_contacto      = APEX_APPLICATION.G_X04,
         telefono_contacto   = APEX_APPLICATION.G_X05,
         id_origen_lead      = TO_NUMBER(NULLIF(APEX_APPLICATION.G_X06, '')),
         descripcion         = APEX_APPLICATION.G_X08,
         fecha_actualizacion = SYSDATE
   WHERE id_lead = l_id;

  APEX_JSON.OPEN_OBJECT;
  APEX_JSON.WRITE('success', SQL%ROWCOUNT > 0);
  APEX_JSON.CLOSE_OBJECT;

EXCEPTION
  WHEN OTHERS THEN
    APEX_JSON.OPEN_OBJECT;
    APEX_JSON.WRITE('success', FALSE);
    APEX_JSON.WRITE('error',   SQLERRM);
    APEX_JSON.CLOSE_OBJECT;
END;
/
11;LEADS_ESTADO;On Demand;PL/SQL Anonymous Block;110;DECLARE
  l_id         NUMBER := TO_NUMBER(APEX_APPLICATION.G_X01);
  l_estado_id  NUMBER;
  l_usuario_id NUMBER;
BEGIN
  SELECT id_usuario INTO l_usuario_id
    FROM crm_usuario
   WHERE UPPER(email) = UPPER(v('APP_USER')) AND activo = 1;

  SELECT id_estado_lead INTO l_estado_id
    FROM crm_estado_lead
   WHERE UPPER(nombre) = UPPER(APEX_APPLICATION.G_X02);

  INSERT INTO crm_historial_estado_lead (
    id_historial_lead, id_lead,
    id_estado_anterior, id_estado_nuevo,
    fecha_cambio, id_usuario
  )
  SELECT crm_hist_lead_seq.NEXTVAL,
         l_id,
         id_estado_lead,
         l_estado_id,
         SYSDATE,
         l_usuario_id
    FROM crm_lead WHERE id_lead = l_id;

  UPDATE crm_lead
     SET id_estado_lead      = l_estado_id,
         fecha_actualizacion = SYSDATE
   WHERE id_lead = l_id;

  APEX_JSON.OPEN_OBJECT;
  APEX_JSON.WRITE('success', SQL%ROWCOUNT > 0);
  APEX_JSON.CLOSE_OBJECT;

EXCEPTION
  WHEN OTHERS THEN
    ROLLBACK;
    APEX_JSON.OPEN_OBJECT;
    APEX_JSON.WRITE('success', FALSE);
    APEX_JSON.WRITE('error',   SQLERRM);
    APEX_JSON.CLOSE_OBJECT;
END;
/
12;LEADS_CONVERTIR;On Demand;PL/SQL Anonymous Block;120;DECLARE
  l_lead_id    NUMBER := TO_NUMBER(APEX_APPLICATION.G_X01);
  l_opp_id     NUMBER;
  l_usuario_id NUMBER;
  l_estado_id  NUMBER;
  l_empresa_id NUMBER;
BEGIN
  SELECT id_usuario INTO l_usuario_id
    FROM crm_usuario
   WHERE UPPER(email) = UPPER(v('APP_USER')) AND activo = 1;

  SELECT id_estado INTO l_estado_id
    FROM (SELECT id_estado FROM crm_estado_oportunidad WHERE tipo = 'ABIERTO' ORDER BY orden ASC)
   WHERE ROWNUM = 1;

  SELECT id_empresa INTO l_empresa_id
    FROM crm_empresa
   WHERE nombre = (SELECT nombre_empresa FROM crm_lead WHERE id_lead = l_lead_id)
     AND ROWNUM = 1;

  INSERT INTO crm_oportunidad (
    id_oportunidad, titulo, id_estado_oportunidad,
    valor_estimado, fecha_cierre_estimada,
    fecha_creacion, fecha_actualizacion,
    id_empresa, id_usuario, id_lead_origen
  ) VALUES (
    crm_oportunidad_seq.NEXTVAL,
    APEX_APPLICATION.G_X02,
    l_estado_id,
    TO_NUMBER(NULLIF(REPLACE(APEX_APPLICATION.G_X03, ',', '.'), '')),
    TO_DATE(NULLIF(APEX_APPLICATION.G_X04, ''), 'YYYY-MM-DD'),
    SYSDATE, SYSDATE,
    l_empresa_id,
    l_usuario_id,
    l_lead_id
  ) RETURNING id_oportunidad INTO l_opp_id;

  UPDATE crm_lead
     SET id_oportunidad_generada = l_opp_id,
         fecha_actualizacion     = SYSDATE
   WHERE id_lead = l_lead_id;

  APEX_JSON.OPEN_OBJECT;
  APEX_JSON.WRITE('id_oportunidad', l_opp_id);
  APEX_JSON.WRITE('success',        TRUE);
  APEX_JSON.CLOSE_OBJECT;

EXCEPTION
  WHEN OTHERS THEN
    ROLLBACK;
    APEX_JSON.OPEN_OBJECT;
    APEX_JSON.WRITE('success', FALSE);
    APEX_JSON.WRITE('error',   SQLERRM);
    APEX_JSON.CLOSE_OBJECT;
END;
/
13;OPORTUNIDADES_LIST;On Demand;PL/SQL Anonymous Block;130;DECLARE
  l_cur        SYS_REFCURSOR;
  l_usuario_id NUMBER;
BEGIN
  SELECT id_usuario INTO l_usuario_id
    FROM crm_usuario
   WHERE UPPER(email) = UPPER(v('APP_USER')) AND activo = 1;

  OPEN l_cur FOR
    SELECT o.id_oportunidad               AS id,
           o.titulo,
           o.descripcion,
           o.valor_estimado,
           o.valor_final,
           o.probabilidad_cierre,
           o.fecha_cierre_estimada,
           o.fecha_creacion,
           o.fecha_actualizacion,
           eo.id_estado                   AS estado_id,
           eo.nombre                      AS estado,
           eo.tipo                        AS estado_tipo,
           eo.orden                       AS estado_orden,
           eo.color_hex                   AS estado_color,
           tp.nombre                      AS tipo,
           s.nombre                       AS sector,
           e.nombre                       AS empresa,
           e.id_empresa                   AS empresa_id
      FROM crm_oportunidad o
      JOIN crm_estado_oportunidad eo ON eo.id_estado      = o.id_estado_oportunidad
      LEFT JOIN crm_tipo_oportunidad tp ON tp.id_tipo_oportunidad = o.id_tipo_oportunidad
      LEFT JOIN crm_sector s            ON s.id_sector    = o.id_sector
      LEFT JOIN crm_empresa e           ON e.id_empresa   = o.id_empresa
     WHERE o.id_usuario = l_usuario_id
     ORDER BY eo.orden, o.fecha_actualizacion DESC;

  APEX_JSON.OPEN_OBJECT;
  APEX_JSON.WRITE('data', l_cur);
  APEX_JSON.CLOSE_OBJECT;
END;
/
14;OPORTUNIDADES_LIST_TODAS;On Demand;PL/SQL Anonymous Block;140;DECLARE
  l_cur SYS_REFCURSOR;
BEGIN
  OPEN l_cur FOR
    SELECT o.id_oportunidad               AS id,
           o.titulo,
           o.valor_estimado,
           o.probabilidad_cierre,
           o.fecha_cierre_estimada,
           o.fecha_actualizacion,
           eo.nombre                      AS estado,
           eo.tipo                        AS estado_tipo,
           eo.orden                       AS estado_orden,
           tp.nombre                      AS tipo,
           s.nombre                       AS sector,
           e.nombre                       AS empresa,
           u.nombre                       AS ejecutivo,
           u.id_usuario                   AS ejecutivo_id
      FROM crm_oportunidad o
      JOIN crm_estado_oportunidad eo ON eo.id_estado         = o.id_estado_oportunidad
      LEFT JOIN crm_tipo_oportunidad tp ON tp.id_tipo_oportunidad = o.id_tipo_oportunidad
      LEFT JOIN crm_sector s            ON s.id_sector        = o.id_sector
      LEFT JOIN crm_empresa e           ON e.id_empresa       = o.id_empresa
      JOIN crm_usuario u                ON u.id_usuario       = o.id_usuario
     ORDER BY eo.orden, o.valor_estimado DESC;

  APEX_JSON.OPEN_OBJECT;
  APEX_JSON.WRITE('data', l_cur);
  APEX_JSON.CLOSE_OBJECT;
END;
/
15;OPORTUNIDADES_GET;On Demand;PL/SQL Anonymous Block;150;DECLARE
  l_cur SYS_REFCURSOR;
  l_id  NUMBER := TO_NUMBER(APEX_APPLICATION.G_X01);
BEGIN
  OPEN l_cur FOR
    SELECT o.id_oportunidad               AS id,
           o.titulo,
           o.descripcion,
           o.valor_estimado,
           o.valor_final,
           o.probabilidad_cierre,
           o.fecha_cierre_estimada,
           o.fecha_creacion,
           o.fecha_actualizacion,
           o.descripcion_cierre,
           eo.id_estado                   AS estado_id,
           eo.nombre                      AS estado,
           eo.tipo                        AS estado_tipo,
           eo.orden                       AS estado_orden,
           tp.id_tipo_oportunidad         AS tipo_id,
           tp.nombre                      AS tipo,
           s.id_sector                    AS sector_id,
           s.nombre                       AS sector,
           e.id_empresa                   AS empresa_id,
           e.nombre                       AS empresa,
           u.nombre                       AS ejecutivo,
           mc.nombre                      AS motivo_cierre
      FROM crm_oportunidad o
      JOIN crm_estado_oportunidad eo ON eo.id_estado         = o.id_estado_oportunidad
      LEFT JOIN crm_tipo_oportunidad tp ON tp.id_tipo_oportunidad = o.id_tipo_oportunidad
      LEFT JOIN crm_sector s            ON s.id_sector        = o.id_sector
      LEFT JOIN crm_empresa e           ON e.id_empresa       = o.id_empresa
      JOIN crm_usuario u                ON u.id_usuario       = o.id_usuario
      LEFT JOIN crm_motivo_cierre mc    ON mc.id_motivo_cierre = o.id_motivo_cierre
     WHERE o.id_oportunidad = l_id;

  APEX_JSON.OPEN_OBJECT;
  APEX_JSON.WRITE('data', l_cur);
  APEX_JSON.CLOSE_OBJECT;
END;
/
16;OPORTUNIDADES_ACTIVIDADES;On Demand;PL/SQL Anonymous Block;160;DECLARE
  l_cur SYS_REFCURSOR;
  l_id  NUMBER := TO_NUMBER(APEX_APPLICATION.G_X01);
BEGIN
  OPEN l_cur FOR
    SELECT a.id_actividad  AS id,
           a.tipo,
           a.asunto,
           a.descripcion,
           a.resultado,
           a.virtual,
           a.fecha_actividad,
           a.fecha_creacion,
           u.nombre        AS ejecutivo,
           ub.latitud,
           ub.longitud
      FROM crm_actividad a
      JOIN crm_usuario u      ON u.id_usuario  = a.id_usuario
      LEFT JOIN crm_ubicacion ub ON ub.id_actividad = a.id_actividad
     WHERE a.id_oportunidad = l_id
     ORDER BY a.fecha_actividad DESC;

  APEX_JSON.OPEN_OBJECT;
  APEX_JSON.WRITE('data', l_cur);
  APEX_JSON.CLOSE_OBJECT;
END;
/
17;OPORTUNIDADES_CREATE;On Demand;PL/SQL Anonymous Block;170;DECLARE
  l_id          NUMBER;
  l_usuario_id  NUMBER;
  l_estado_id   NUMBER;
BEGIN
  SELECT id_usuario INTO l_usuario_id
    FROM crm_usuario
   WHERE UPPER(email) = UPPER(v('APP_USER')) AND activo = 1;

  SELECT id_estado INTO l_estado_id
    FROM (SELECT id_estado FROM crm_estado_oportunidad WHERE tipo = 'ABIERTO' ORDER BY orden ASC)
   WHERE ROWNUM = 1;

  INSERT INTO crm_oportunidad (
    id_oportunidad, titulo, descripcion,
    id_tipo_oportunidad, id_estado_oportunidad,
    valor_estimado, fecha_cierre_estimada,
    fecha_creacion, fecha_actualizacion,
    id_empresa, id_usuario
  ) VALUES (
    crm_oportunidad_seq.NEXTVAL,
    APEX_APPLICATION.G_X01,
    APEX_APPLICATION.G_X02,
    TO_NUMBER(NULLIF(APEX_APPLICATION.G_X03, '')),
    l_estado_id,
    TO_NUMBER(NULLIF(REPLACE(APEX_APPLICATION.G_X04, ',', '.'), '')),
    TO_DATE(NULLIF(APEX_APPLICATION.G_X05, ''), 'YYYY-MM-DD'),
    SYSDATE, SYSDATE,
    TO_NUMBER(NULLIF(APEX_APPLICATION.G_X06, '')),
    l_usuario_id
  ) RETURNING id_oportunidad INTO l_id;

  APEX_JSON.OPEN_OBJECT;
  APEX_JSON.WRITE('id',      l_id);
  APEX_JSON.WRITE('success', TRUE);
  APEX_JSON.CLOSE_OBJECT;

EXCEPTION
  WHEN OTHERS THEN
    ROLLBACK;
    APEX_JSON.OPEN_OBJECT;
    APEX_JSON.WRITE('success', FALSE);
    APEX_JSON.WRITE('error',   SQLERRM);
    APEX_JSON.CLOSE_OBJECT;
END;
/
18;OPORTUNIDADES_UPDATE;On Demand;PL/SQL Anonymous Block;180;DECLARE
  l_id NUMBER := TO_NUMBER(APEX_APPLICATION.G_X01);
BEGIN
  UPDATE crm_oportunidad
     SET titulo               = APEX_APPLICATION.G_X02,
         descripcion          = APEX_APPLICATION.G_X03,
         id_tipo_oportunidad  = TO_NUMBER(NULLIF(APEX_APPLICATION.G_X04, '')),
         id_estado_oportunidad= TO_NUMBER(NULLIF(APEX_APPLICATION.G_X05, '')),
         valor_estimado       = TO_NUMBER(NULLIF(REPLACE(APEX_APPLICATION.G_X06, ',', '.'), '')),
         fecha_cierre_estimada= TO_DATE(NULLIF(APEX_APPLICATION.G_X07, ''), 'YYYY-MM-DD'),
         id_empresa           = TO_NUMBER(NULLIF(APEX_APPLICATION.G_X08, '')),
         fecha_actualizacion  = SYSDATE
   WHERE id_oportunidad = l_id;

  APEX_JSON.OPEN_OBJECT;
  APEX_JSON.WRITE('success', SQL%ROWCOUNT > 0);
  APEX_JSON.CLOSE_OBJECT;

EXCEPTION
  WHEN OTHERS THEN
    APEX_JSON.OPEN_OBJECT;
    APEX_JSON.WRITE('success', FALSE);
    APEX_JSON.WRITE('error',   SQLERRM);
    APEX_JSON.CLOSE_OBJECT;
END;
/
19;OPORTUNIDADES_AVANZAR;On Demand;PL/SQL Anonymous Block;190;DECLARE
  l_id         NUMBER := TO_NUMBER(APEX_APPLICATION.G_X01);
  l_estado_id  NUMBER;
  l_usuario_id NUMBER;
BEGIN
  SELECT id_usuario INTO l_usuario_id
    FROM crm_usuario
   WHERE UPPER(email) = UPPER(v('APP_USER')) AND activo = 1;

  SELECT id_estado INTO l_estado_id
    FROM crm_estado_oportunidad
   WHERE UPPER(nombre) = UPPER(APEX_APPLICATION.G_X02);

  INSERT INTO crm_historial_estado (
    id_historial, id_oportunidad,
    id_estado_anterior, id_estado_nuevo,
    fecha_cambio, id_usuario
  )
  SELECT crm_hist_opp_seq.NEXTVAL,
         l_id,
         id_estado_oportunidad,
         l_estado_id,
         SYSDATE,
         l_usuario_id
    FROM crm_oportunidad WHERE id_oportunidad = l_id;

  UPDATE crm_oportunidad
     SET id_estado_oportunidad = l_estado_id,
         fecha_actualizacion   = SYSDATE
   WHERE id_oportunidad = l_id;

  APEX_JSON.OPEN_OBJECT;
  APEX_JSON.WRITE('success', SQL%ROWCOUNT > 0);
  APEX_JSON.CLOSE_OBJECT;

EXCEPTION
  WHEN OTHERS THEN
    ROLLBACK;
    APEX_JSON.OPEN_OBJECT;
    APEX_JSON.WRITE('success', FALSE);
    APEX_JSON.WRITE('error',   SQLERRM);
    APEX_JSON.CLOSE_OBJECT;
END;
/
20;OPORTUNIDADES_CERRAR;On Demand;PL/SQL Anonymous Block;200;DECLARE
  l_id         NUMBER := TO_NUMBER(APEX_APPLICATION.G_X01);
  l_estado_id  NUMBER;
  l_usuario_id NUMBER;
BEGIN
  SELECT id_usuario INTO l_usuario_id
    FROM crm_usuario
   WHERE UPPER(email) = UPPER(v('APP_USER')) AND activo = 1;

  SELECT id_estado INTO l_estado_id
    FROM crm_estado_oportunidad
   WHERE UPPER(nombre) = UPPER(APEX_APPLICATION.G_X02);

  INSERT INTO crm_historial_estado (
    id_historial, id_oportunidad,
    id_estado_anterior, id_estado_nuevo,
    fecha_cambio, id_usuario
  )
  SELECT crm_hist_opp_seq.NEXTVAL, l_id,
         id_estado_oportunidad, l_estado_id,
         SYSDATE, l_usuario_id
    FROM crm_oportunidad WHERE id_oportunidad = l_id;

  UPDATE crm_oportunidad
     SET id_estado_oportunidad = l_estado_id,
         fecha_cierre_estimada = TO_DATE(NULLIF(APEX_APPLICATION.G_X03,''), 'YYYY-MM-DD'),
         id_motivo_cierre      = TO_NUMBER(NULLIF(APEX_APPLICATION.G_X04, '')),
         fecha_actualizacion   = SYSDATE
   WHERE id_oportunidad = l_id;

  UPDATE crm_empresa
     SET nuevo = 0
   WHERE id_empresa = (SELECT id_empresa FROM crm_oportunidad WHERE id_oportunidad = l_id)
     AND UPPER(APEX_APPLICATION.G_X02) = 'GANADA';

  APEX_JSON.OPEN_OBJECT;
  APEX_JSON.WRITE('success', TRUE);
  APEX_JSON.CLOSE_OBJECT;

EXCEPTION
  WHEN OTHERS THEN
    ROLLBACK;
    APEX_JSON.OPEN_OBJECT;
    APEX_JSON.WRITE('success', FALSE);
    APEX_JSON.WRITE('error',   SQLERRM);
    APEX_JSON.CLOSE_OBJECT;
END;
/
21;OPORTUNIDADES_ESTANCADAS;On Demand;PL/SQL Anonymous Block;210;DECLARE
  l_cur  SYS_REFCURSOR;
  l_dias NUMBER := NVL(TO_NUMBER(NULLIF(APEX_APPLICATION.G_X01,'')), 7);
BEGIN
  OPEN l_cur FOR
    SELECT 'OPP'                               AS tipo,
           o.id_oportunidad                    AS id,
           o.titulo,
           e.nombre                            AS empresa,
           eo.nombre                           AS estado,
           u.nombre                            AS ejecutivo,
           o.valor_estimado                    AS valor,
           TRUNC(SYSDATE - NVL(
             (SELECT MAX(a.fecha_actividad)
                FROM crm_actividad a
               WHERE a.id_oportunidad = o.id_oportunidad), o.fecha_creacion)) AS dias,
           l_dias                              AS umbral
      FROM crm_oportunidad o
      JOIN crm_estado_oportunidad eo ON eo.id_estado   = o.id_estado_oportunidad
      JOIN crm_usuario u             ON u.id_usuario   = o.id_usuario
      LEFT JOIN crm_empresa e        ON e.id_empresa   = o.id_empresa
     WHERE eo.tipo = 'ABIERTO'
       AND TRUNC(SYSDATE - NVL(
             (SELECT MAX(a.fecha_actividad)
                FROM crm_actividad a
               WHERE a.id_oportunidad = o.id_oportunidad), o.fecha_creacion)) >= l_dias
    UNION ALL
    SELECT 'LEAD'                              AS tipo,
           l.id_lead                           AS id,
           l.titulo,
           l.nombre_empresa                   AS empresa,
           el.nombre                           AS estado,
           u.nombre                            AS ejecutivo,
           NULL                                AS valor,
           TRUNC(SYSDATE - NVL(
             (SELECT MAX(a.fecha_actividad)
                FROM crm_actividad a
               WHERE a.id_lead = l.id_lead), l.fecha_creacion)) AS dias,
           l_dias                              AS umbral
      FROM crm_lead l
      JOIN crm_estado_lead el ON el.id_estado_lead = l.id_estado_lead
      JOIN crm_usuario u      ON u.id_usuario      = l.id_usuario
     WHERE el.tipo = 'ABIERTO'
       AND l.id_oportunidad_generada IS NULL
       AND TRUNC(SYSDATE - NVL(
             (SELECT MAX(a.fecha_actividad)
                FROM crm_actividad a
               WHERE a.id_lead = l.id_lead), l.fecha_creacion)) >= l_dias
     ORDER BY dias DESC;

  APEX_JSON.OPEN_OBJECT;
  APEX_JSON.WRITE('data', l_cur);
  APEX_JSON.CLOSE_OBJECT;
END;
/
22;ACTIVIDADES_LIST_MIS;On Demand;PL/SQL Anonymous Block;220;DECLARE
  l_cur        SYS_REFCURSOR;
  l_usuario_id NUMBER;
  l_inicio     DATE := TO_DATE(NULLIF(APEX_APPLICATION.G_X01,''), 'YYYY-MM-DD');
  l_fin        DATE := TO_DATE(NULLIF(APEX_APPLICATION.G_X02,''), 'YYYY-MM-DD');
BEGIN
  SELECT id_usuario INTO l_usuario_id
    FROM crm_usuario
   WHERE UPPER(email) = UPPER(v('APP_USER')) AND activo = 1;

  OPEN l_cur FOR
    SELECT a.id_actividad  AS id,
           a.tipo,
           a.asunto,
           a.descripcion,
           a.resultado,
           a.virtual,
           a.fecha_actividad,
           a.fecha_creacion,
           o.titulo        AS oportunidad,
           o.id_oportunidad,
           l.titulo        AS lead_titulo,
           l.id_lead,
           ub.latitud,
           ub.longitud
      FROM crm_actividad a
      LEFT JOIN crm_oportunidad o ON o.id_oportunidad = a.id_oportunidad
      LEFT JOIN crm_lead l        ON l.id_lead        = a.id_lead
      LEFT JOIN crm_ubicacion ub  ON ub.id_actividad  = a.id_actividad
     WHERE a.id_usuario = l_usuario_id
       AND (l_inicio IS NULL OR TRUNC(a.fecha_actividad) >= l_inicio)
       AND (l_fin    IS NULL OR TRUNC(a.fecha_actividad) <= l_fin)
     ORDER BY a.fecha_actividad DESC;

  APEX_JSON.OPEN_OBJECT;
  APEX_JSON.WRITE('data', l_cur);
  APEX_JSON.CLOSE_OBJECT;
END;
/
23;ACTIVIDADES_LIST_TODAS;On Demand;PL/SQL Anonymous Block;230;DECLARE
  l_cur    SYS_REFCURSOR;
  l_inicio DATE := TO_DATE(NULLIF(APEX_APPLICATION.G_X01,''), 'YYYY-MM-DD');
  l_fin    DATE := TO_DATE(NULLIF(APEX_APPLICATION.G_X02,''), 'YYYY-MM-DD');
BEGIN
  OPEN l_cur FOR
    SELECT a.id_actividad  AS id,
           a.tipo,
           a.asunto,
           a.descripcion,
           a.resultado,
           a.virtual,
           a.fecha_actividad,
           o.titulo        AS oportunidad,
           o.id_oportunidad,
           u.nombre        AS ejecutivo,
           u.id_usuario    AS ejecutivo_id,
           ub.latitud,
           ub.longitud
      FROM crm_actividad a
      JOIN crm_usuario u          ON u.id_usuario    = a.id_usuario
      LEFT JOIN crm_oportunidad o ON o.id_oportunidad= a.id_oportunidad
      LEFT JOIN crm_ubicacion ub  ON ub.id_actividad = a.id_actividad
     WHERE (l_inicio IS NULL OR TRUNC(a.fecha_actividad) >= l_inicio)
       AND (l_fin    IS NULL OR TRUNC(a.fecha_actividad) <= l_fin)
     ORDER BY a.fecha_actividad DESC;

  APEX_JSON.OPEN_OBJECT;
  APEX_JSON.WRITE('data', l_cur);
  APEX_JSON.CLOSE_OBJECT;
END;
/
24;ACTIVIDADES_GET;On Demand;PL/SQL Anonymous Block;240;DECLARE
  l_cur SYS_REFCURSOR;
  l_id  NUMBER := TO_NUMBER(APEX_APPLICATION.G_X01);
BEGIN
  OPEN l_cur FOR
    SELECT a.id_actividad  AS id,
           a.tipo,
           a.asunto,
           a.descripcion,
           a.resultado,
           a.virtual,
           a.fecha_actividad,
           a.fecha_creacion,
           a.id_oportunidad,
           a.id_lead,
           o.titulo        AS oportunidad,
           u.nombre        AS ejecutivo,
           ub.latitud,
           ub.longitud,
           ub.direccion
      FROM crm_actividad a
      JOIN crm_usuario u          ON u.id_usuario    = a.id_usuario
      LEFT JOIN crm_oportunidad o ON o.id_oportunidad= a.id_oportunidad
      LEFT JOIN crm_ubicacion ub  ON ub.id_actividad = a.id_actividad
     WHERE a.id_actividad = l_id;

  APEX_JSON.OPEN_OBJECT;
  APEX_JSON.WRITE('data', l_cur);
  APEX_JSON.CLOSE_OBJECT;
END;
/
25;ACTIVIDADES_CREATE;On Demand;PL/SQL Anonymous Block;250;DECLARE
  l_id         NUMBER;
  l_usuario_id NUMBER;
BEGIN
  SELECT id_usuario INTO l_usuario_id
    FROM crm_usuario
   WHERE UPPER(email) = UPPER(v('APP_USER')) AND activo = 1;

  INSERT INTO crm_actividad (
    id_actividad, tipo, asunto,
    virtual, fecha_actividad, fecha_creacion,
    id_oportunidad, id_lead, id_usuario
  ) VALUES (
    crm_actividad_seq.NEXTVAL,
    UPPER(APEX_APPLICATION.G_X01),
    APEX_APPLICATION.G_X02,
    CASE WHEN APEX_APPLICATION.G_X03 = '1' THEN 1 ELSE 0 END,
    TO_DATE(NULLIF(APEX_APPLICATION.G_X04,''), 'YYYY-MM-DD'),
    SYSDATE,
    TO_NUMBER(NULLIF(APEX_APPLICATION.G_X05,'')),
    TO_NUMBER(NULLIF(APEX_APPLICATION.G_X06,'')),
    l_usuario_id
  ) RETURNING id_actividad INTO l_id;

  APEX_JSON.OPEN_OBJECT;
  APEX_JSON.WRITE('id',      l_id);
  APEX_JSON.WRITE('success', TRUE);
  APEX_JSON.CLOSE_OBJECT;

EXCEPTION
  WHEN OTHERS THEN
    ROLLBACK;
    APEX_JSON.OPEN_OBJECT;
    APEX_JSON.WRITE('success', FALSE);
    APEX_JSON.WRITE('error',   SQLERRM);
    APEX_JSON.CLOSE_OBJECT;
END;
/
26;ACTIVIDADES_UPDATE;On Demand;PL/SQL Anonymous Block;260;DECLARE
  l_id NUMBER := TO_NUMBER(APEX_APPLICATION.G_X01);
BEGIN
  UPDATE crm_actividad
     SET tipo           = UPPER(APEX_APPLICATION.G_X02),
         asunto         = APEX_APPLICATION.G_X03,
         virtual        = CASE WHEN APEX_APPLICATION.G_X04='1' THEN 1 ELSE 0 END,
         fecha_actividad= TO_DATE(NULLIF(APEX_APPLICATION.G_X05,''), 'YYYY-MM-DD'),
         id_oportunidad = TO_NUMBER(NULLIF(APEX_APPLICATION.G_X06,''))
   WHERE id_actividad = l_id;

  APEX_JSON.OPEN_OBJECT;
  APEX_JSON.WRITE('success', SQL%ROWCOUNT > 0);
  APEX_JSON.CLOSE_OBJECT;

EXCEPTION
  WHEN OTHERS THEN
    APEX_JSON.OPEN_OBJECT;
    APEX_JSON.WRITE('success', FALSE);
    APEX_JSON.WRITE('error',   SQLERRM);
    APEX_JSON.CLOSE_OBJECT;
END;
/
27;ACTIVIDADES_CERRAR;On Demand;PL/SQL Anonymous Block;270;DECLARE
  l_id   NUMBER := TO_NUMBER(APEX_APPLICATION.G_X01);
  l_lat  NUMBER;
  l_lon  NUMBER;
BEGIN
  l_lat := TO_NUMBER(NULLIF(REPLACE(APEX_APPLICATION.G_X03,',','.'), ''));
  l_lon := TO_NUMBER(NULLIF(REPLACE(APEX_APPLICATION.G_X04,',','.'), ''));

  UPDATE crm_actividad
     SET resultado = APEX_APPLICATION.G_X02
   WHERE id_actividad = l_id;

  IF l_lat IS NOT NULL AND l_lon IS NOT NULL THEN
    MERGE INTO crm_ubicacion ub
    USING (SELECT l_id AS id_actividad FROM DUAL) src
       ON (ub.id_actividad = src.id_actividad)
     WHEN MATCHED THEN
       UPDATE SET ub.latitud  = l_lat,
                  ub.longitud = l_lon
     WHEN NOT MATCHED THEN
       INSERT (id_ubicacion, latitud, longitud, id_actividad)
       VALUES (crm_ubicacion_seq.NEXTVAL, l_lat, l_lon, l_id);
  END IF;

  APEX_JSON.OPEN_OBJECT;
  APEX_JSON.WRITE('success', SQL%ROWCOUNT >= 0);
  APEX_JSON.CLOSE_OBJECT;

EXCEPTION
  WHEN OTHERS THEN
    ROLLBACK;
    APEX_JSON.OPEN_OBJECT;
    APEX_JSON.WRITE('success', FALSE);
    APEX_JSON.WRITE('error',   SQLERRM);
    APEX_JSON.CLOSE_OBJECT;
END;
/
28;PROYECTOS_LIST;On Demand;PL/SQL Anonymous Block;280;DECLARE
  l_cur        SYS_REFCURSOR;
  l_usuario_id NUMBER;
BEGIN
  SELECT id_usuario INTO l_usuario_id
    FROM crm_usuario
   WHERE UPPER(email) = UPPER(v('APP_USER')) AND activo = 1;

  OPEN l_cur FOR
    SELECT p.id_proyecto           AS id,
           p.nombre,
           p.descripcion,
           p.estado,
           p.porcentaje_completado,
           p.fecha_inicio,
           p.fecha_fin,
           p.fecha_creacion,
           o.titulo               AS oportunidad,
           o.id_oportunidad,
           e.nombre               AS empresa
      FROM crm_proyecto p
      JOIN crm_oportunidad o ON o.id_oportunidad = p.id_oportunidad
      LEFT JOIN crm_empresa e ON e.id_empresa = o.id_empresa
     WHERE p.id_usuario = l_usuario_id
     ORDER BY p.fecha_creacion DESC;

  APEX_JSON.OPEN_OBJECT;
  APEX_JSON.WRITE('data', l_cur);
  APEX_JSON.CLOSE_OBJECT;
END;
/
29;PROYECTOS_LIST_TODOS;On Demand;PL/SQL Anonymous Block;290;DECLARE
  l_cur SYS_REFCURSOR;
BEGIN
  OPEN l_cur FOR
    SELECT p.id_proyecto           AS id,
           p.nombre,
           p.estado,
           p.porcentaje_completado,
           p.fecha_inicio,
           p.fecha_fin,
           o.titulo               AS oportunidad,
           e.nombre               AS empresa,
           u.nombre               AS ejecutivo
      FROM crm_proyecto p
      JOIN crm_oportunidad o ON o.id_oportunidad = p.id_oportunidad
      JOIN crm_usuario u     ON u.id_usuario     = p.id_usuario
      LEFT JOIN crm_empresa e ON e.id_empresa    = o.id_empresa
     ORDER BY p.fecha_creacion DESC;

  APEX_JSON.OPEN_OBJECT;
  APEX_JSON.WRITE('data', l_cur);
  APEX_JSON.CLOSE_OBJECT;
END;
/
30;PROYECTOS_GET;On Demand;PL/SQL Anonymous Block;300;DECLARE
  l_cur SYS_REFCURSOR;
  l_id  NUMBER := TO_NUMBER(APEX_APPLICATION.G_X01);
BEGIN
  OPEN l_cur FOR
    SELECT p.id_proyecto           AS id,
           p.nombre,
           p.descripcion,
           p.estado,
           p.porcentaje_completado,
           p.fecha_inicio,
           p.fecha_fin,
           p.fecha_creacion,
           o.id_oportunidad,
           o.titulo               AS oportunidad,
           e.nombre               AS empresa,
           u.nombre               AS ejecutivo,
           CURSOR(
             SELECT h.id_hito, h.titulo, h.estado, h.orden,
                    h.fecha_planificada, h.fecha_completado
               FROM crm_proyecto_hito h
              WHERE h.id_proyecto = p.id_proyecto
              ORDER BY h.orden
           ) AS hitos
      FROM crm_proyecto p
      JOIN crm_oportunidad o ON o.id_oportunidad = p.id_oportunidad
      JOIN crm_usuario u     ON u.id_usuario     = p.id_usuario
      LEFT JOIN crm_empresa e ON e.id_empresa    = o.id_empresa
     WHERE p.id_proyecto = l_id;

  APEX_JSON.OPEN_OBJECT;
  APEX_JSON.WRITE('data', l_cur);
  APEX_JSON.CLOSE_OBJECT;
END;
/
31;PROYECTOS_CREATE;On Demand;PL/SQL Anonymous Block;310;DECLARE
  l_id         NUMBER;
  l_usuario_id NUMBER;
BEGIN
  SELECT id_usuario INTO l_usuario_id
    FROM crm_usuario
   WHERE UPPER(email) = UPPER(v('APP_USER')) AND activo = 1;

  INSERT INTO crm_proyecto (
    id_proyecto, nombre, descripcion, estado,
    porcentaje_completado, fecha_creacion, fecha_actualizacion,
    id_oportunidad, id_usuario
  ) VALUES (
    crm_proyecto_seq.NEXTVAL,
    APEX_APPLICATION.G_X01,
    APEX_APPLICATION.G_X02,
    'PLANIFICACION',
    0, SYSDATE, SYSDATE,
    TO_NUMBER(NULLIF(APEX_APPLICATION.G_X03,'')),
    l_usuario_id
  ) RETURNING id_proyecto INTO l_id;

  APEX_JSON.OPEN_OBJECT;
  APEX_JSON.WRITE('id',      l_id);
  APEX_JSON.WRITE('success', TRUE);
  APEX_JSON.CLOSE_OBJECT;

EXCEPTION
  WHEN OTHERS THEN
    ROLLBACK;
    APEX_JSON.OPEN_OBJECT;
    APEX_JSON.WRITE('success', FALSE);
    APEX_JSON.WRITE('error',   SQLERRM);
    APEX_JSON.CLOSE_OBJECT;
END;
/
32;PROYECTOS_UPDATE;On Demand;PL/SQL Anonymous Block;320;DECLARE
  l_id NUMBER := TO_NUMBER(APEX_APPLICATION.G_X01);
BEGIN
  UPDATE crm_proyecto
     SET nombre             = APEX_APPLICATION.G_X02,
         descripcion        = APEX_APPLICATION.G_X03,
         estado             = APEX_APPLICATION.G_X04,
         id_oportunidad     = TO_NUMBER(NULLIF(APEX_APPLICATION.G_X05,'')),
         fecha_actualizacion= SYSDATE
   WHERE id_proyecto = l_id;

  APEX_JSON.OPEN_OBJECT;
  APEX_JSON.WRITE('success', SQL%ROWCOUNT > 0);
  APEX_JSON.CLOSE_OBJECT;

EXCEPTION
  WHEN OTHERS THEN
    APEX_JSON.OPEN_OBJECT;
    APEX_JSON.WRITE('success', FALSE);
    APEX_JSON.WRITE('error',   SQLERRM);
    APEX_JSON.CLOSE_OBJECT;
END;
/
33;PROYECTOS_ESTADO;On Demand;PL/SQL Anonymous Block;330;DECLARE
  l_id NUMBER := TO_NUMBER(APEX_APPLICATION.G_X01);
BEGIN
  UPDATE crm_proyecto
     SET estado              = UPPER(APEX_APPLICATION.G_X02),
         fecha_actualizacion = SYSDATE
   WHERE id_proyecto = l_id;

  APEX_JSON.OPEN_OBJECT;
  APEX_JSON.WRITE('success', SQL%ROWCOUNT > 0);
  APEX_JSON.CLOSE_OBJECT;

EXCEPTION
  WHEN OTHERS THEN
    APEX_JSON.OPEN_OBJECT;
    APEX_JSON.WRITE('success', FALSE);
    APEX_JSON.WRITE('error',   SQLERRM);
    APEX_JSON.CLOSE_OBJECT;
END;
/
34;USUARIOS_LIST;On Demand;PL/SQL Anonymous Block;340;DECLARE
  l_cur SYS_REFCURSOR;
BEGIN
  OPEN l_cur FOR
    SELECT u.id_usuario  AS id,
           u.nombre,
           u.email,
           UPPER(u.rol)  AS rol,
           u.activo,
           u.fecha_creacion,
           u.ultimo_acceso,
           d.nombre      AS departamento
      FROM crm_usuario u
      LEFT JOIN crm_departamento d ON d.id_departamento = u.id_departamento
     ORDER BY u.nombre;

  APEX_JSON.OPEN_OBJECT;
  APEX_JSON.WRITE('data', l_cur);
  APEX_JSON.CLOSE_OBJECT;
END;
/
35;USUARIOS_GET;On Demand;PL/SQL Anonymous Block;350;DECLARE
  l_cur SYS_REFCURSOR;
  l_id  NUMBER := TO_NUMBER(APEX_APPLICATION.G_X01);
BEGIN
  OPEN l_cur FOR
    SELECT u.id_usuario  AS id,
           u.nombre,
           u.email,
           UPPER(u.rol)  AS rol,
           u.activo,
           u.fecha_creacion,
           u.ultimo_acceso,
           u.id_departamento,
           d.nombre      AS departamento
      FROM crm_usuario u
      LEFT JOIN crm_departamento d ON d.id_departamento = u.id_departamento
     WHERE u.id_usuario = l_id;

  APEX_JSON.OPEN_OBJECT;
  APEX_JSON.WRITE('data', l_cur);
  APEX_JSON.CLOSE_OBJECT;
END;
/
36;USUARIOS_CREATE;On Demand;PL/SQL Anonymous Block;360;DECLARE
  l_id NUMBER;
BEGIN
  INSERT INTO crm_usuario (
    id_usuario, nombre, email, rol,
    activo, fecha_creacion, id_departamento,
    password
  ) VALUES (
    crm_usuario_seq.NEXTVAL,
    APEX_APPLICATION.G_X01,
    LOWER(APEX_APPLICATION.G_X02),
    UPPER(APEX_APPLICATION.G_X03),
    1, SYSDATE,
    TO_NUMBER(NULLIF(APEX_APPLICATION.G_X04,'')),
    'APEX_MANAGED'
  ) RETURNING id_usuario INTO l_id;

  APEX_JSON.OPEN_OBJECT;
  APEX_JSON.WRITE('id',      l_id);
  APEX_JSON.WRITE('success', TRUE);
  APEX_JSON.CLOSE_OBJECT;

EXCEPTION
  WHEN OTHERS THEN
    ROLLBACK;
    APEX_JSON.OPEN_OBJECT;
    APEX_JSON.WRITE('success', FALSE);
    APEX_JSON.WRITE('error',   SQLERRM);
    APEX_JSON.CLOSE_OBJECT;
END;
/
37;USUARIOS_UPDATE;On Demand;PL/SQL Anonymous Block;370;DECLARE
  l_id NUMBER := TO_NUMBER(APEX_APPLICATION.G_X01);
BEGIN
  UPDATE crm_usuario
     SET nombre          = APEX_APPLICATION.G_X02,
         email           = LOWER(APEX_APPLICATION.G_X03),
         rol             = UPPER(APEX_APPLICATION.G_X04),
         id_departamento = TO_NUMBER(NULLIF(APEX_APPLICATION.G_X05,''))
   WHERE id_usuario = l_id;

  APEX_JSON.OPEN_OBJECT;
  APEX_JSON.WRITE('success', SQL%ROWCOUNT > 0);
  APEX_JSON.CLOSE_OBJECT;

EXCEPTION
  WHEN OTHERS THEN
    APEX_JSON.OPEN_OBJECT;
    APEX_JSON.WRITE('success', FALSE);
    APEX_JSON.WRITE('error',   SQLERRM);
    APEX_JSON.CLOSE_OBJECT;
END;
/
38;USUARIOS_ESTADO;On Demand;PL/SQL Anonymous Block;380;DECLARE
  l_id NUMBER := TO_NUMBER(APEX_APPLICATION.G_X01);
BEGIN
  UPDATE crm_usuario
     SET activo = CASE WHEN APEX_APPLICATION.G_X02 = '1' THEN 1 ELSE 0 END
   WHERE id_usuario = l_id;

  APEX_JSON.OPEN_OBJECT;
  APEX_JSON.WRITE('success', SQL%ROWCOUNT > 0);
  APEX_JSON.CLOSE_OBJECT;

EXCEPTION
  WHEN OTHERS THEN
    APEX_JSON.OPEN_OBJECT;
    APEX_JSON.WRITE('success', FALSE);
    APEX_JSON.WRITE('error',   SQLERRM);
    APEX_JSON.CLOSE_OBJECT;
END;
/
39;DASHBOARD_EJECUTIVO;On Demand;PL/SQL Anonymous Block;390;DECLARE
  l_cur        SYS_REFCURSOR;
  l_usuario_id NUMBER;
  l_mes        NUMBER := EXTRACT(MONTH FROM SYSDATE);
  l_anio       NUMBER := EXTRACT(YEAR  FROM SYSDATE);
BEGIN
  SELECT id_usuario INTO l_usuario_id
    FROM crm_usuario
   WHERE UPPER(email) = UPPER(v('APP_USER')) AND activo = 1;

  OPEN l_cur FOR
    SELECT
      (SELECT NVL(SUM(o.valor_estimado), 0)
         FROM crm_oportunidad o
         JOIN crm_estado_oportunidad eo ON eo.id_estado = o.id_estado_oportunidad
        WHERE o.id_usuario = l_usuario_id
          AND eo.tipo      = 'GANADO'
          AND EXTRACT(MONTH FROM o.fecha_actualizacion) = l_mes
          AND EXTRACT(YEAR  FROM o.fecha_actualizacion) = l_anio
      ) AS ventas_mes,
      (SELECT COUNT(*) FROM crm_oportunidad o
         JOIN crm_estado_oportunidad eo ON eo.id_estado = o.id_estado_oportunidad
        WHERE o.id_usuario = l_usuario_id AND eo.tipo = 'ABIERTO'
      ) AS oportunidades_activas,
      (SELECT COUNT(*) FROM crm_lead l
         JOIN crm_estado_lead el ON el.id_estado_lead = l.id_estado_lead
        WHERE l.id_usuario = l_usuario_id AND el.tipo = 'ABIERTO'
          AND l.id_oportunidad_generada IS NULL
      ) AS leads_activos,
      (SELECT COUNT(*) FROM crm_actividad a
        WHERE a.id_usuario    = l_usuario_id
          AND a.fecha_actividad >= TRUNC(SYSDATE, 'IW')
          AND a.fecha_actividad <  TRUNC(SYSDATE, 'IW') + 7
      ) AS actividades_semana,
      (SELECT NVL(MAX(cm.pct_cumplimiento), 0)
         FROM crm_cumplimiento_meta cm
         JOIN crm_meta mt ON mt.id_meta = cm.id_meta
        WHERE cm.id_usuario = l_usuario_id
          AND mt.metrica = 'VENTAS_MES'
          AND cm.mes = l_mes AND cm.anio = l_anio
      ) AS meta_ventas_pct,
      (SELECT COUNT(DISTINCT o.id_empresa)
         FROM crm_oportunidad o
         JOIN crm_estado_oportunidad eo ON eo.id_estado = o.id_estado_oportunidad
         JOIN crm_empresa e ON e.id_empresa = o.id_empresa
        WHERE o.id_usuario = l_usuario_id
          AND eo.tipo = 'GANADO'
          AND e.nuevo = 1
          AND EXTRACT(MONTH FROM o.fecha_actualizacion) = l_mes
          AND EXTRACT(YEAR  FROM o.fecha_actualizacion) = l_anio
      ) AS clientes_nuevos_mes
    FROM DUAL;

  APEX_JSON.OPEN_OBJECT;
  APEX_JSON.WRITE('data', l_cur);
  APEX_JSON.CLOSE_OBJECT;
END;
/
40;DASHBOARD_COORDINADOR;On Demand;PL/SQL Anonymous Block;400;DECLARE
  l_cur SYS_REFCURSOR;
  l_mes  NUMBER := EXTRACT(MONTH FROM SYSDATE);
  l_anio NUMBER := EXTRACT(YEAR  FROM SYSDATE);
BEGIN
  OPEN l_cur FOR
    SELECT
      (SELECT COUNT(*) FROM crm_usuario WHERE rol = 'EJECUTIVO' AND activo = 1)
        AS total_ejecutivos,
      (SELECT NVL(SUM(o.valor_estimado), 0)
         FROM crm_oportunidad o
         JOIN crm_estado_oportunidad eo ON eo.id_estado = o.id_estado_oportunidad
         JOIN crm_usuario u             ON u.id_usuario = o.id_usuario
        WHERE eo.tipo = 'GANADO'
          AND u.rol = 'EJECUTIVO'
          AND EXTRACT(MONTH FROM o.fecha_actualizacion) = l_mes
          AND EXTRACT(YEAR  FROM o.fecha_actualizacion) = l_anio
      ) AS ventas_equipo_mes,
      (SELECT COUNT(*) FROM crm_oportunidad o
         JOIN crm_estado_oportunidad eo ON eo.id_estado = o.id_estado_oportunidad
         JOIN crm_usuario u             ON u.id_usuario = o.id_usuario
        WHERE eo.tipo = 'ABIERTO' AND u.rol = 'EJECUTIVO'
      ) AS oportunidades_activas,
      (SELECT COUNT(*) FROM crm_notificacion
        WHERE tipo IN ('CRITICA','ADVERTENCIA') AND leida = 0
      ) AS alertas_activas,
      (SELECT ROUND(AVG(cm.pct_cumplimiento))
         FROM crm_cumplimiento_meta cm
         JOIN crm_usuario u ON u.id_usuario = cm.id_usuario
        WHERE u.rol = 'EJECUTIVO'
          AND cm.mes = l_mes AND cm.anio = l_anio
      ) AS cumplimiento_promedio
    FROM DUAL;

  APEX_JSON.OPEN_OBJECT;
  APEX_JSON.WRITE('data', l_cur);
  APEX_JSON.CLOSE_OBJECT;
END;
/
41;METAS_MIS_METAS;On Demand;PL/SQL Anonymous Block;410;DECLARE
  l_cur        SYS_REFCURSOR;
  l_usuario_id NUMBER;
  l_mes        NUMBER := NVL(TO_NUMBER(NULLIF(APEX_APPLICATION.G_X01,'')), EXTRACT(MONTH FROM SYSDATE));
  l_anio       NUMBER := NVL(TO_NUMBER(NULLIF(APEX_APPLICATION.G_X02,'')), EXTRACT(YEAR  FROM SYSDATE));
BEGIN
  SELECT id_usuario INTO l_usuario_id
    FROM crm_usuario
   WHERE UPPER(email) = UPPER(v('APP_USER')) AND activo = 1;

  OPEN l_cur FOR
    SELECT m.id_meta,
           m.nombre,
           m.descripcion,
           m.metrica,
           m.valor_meta,
           m.unidad,
           m.periodo,
           NVL(cm.valor_actual, 0)       AS valor_actual,
           NVL(cm.pct_cumplimiento, 0)   AS pct_cumplimiento,
           cm.fecha_calculo
      FROM crm_meta m
      LEFT JOIN crm_cumplimiento_meta cm
             ON cm.id_meta    = m.id_meta
            AND cm.id_usuario = l_usuario_id
            AND cm.mes        = l_mes
            AND cm.anio       = l_anio
     WHERE m.activo = 1
       AND (m.id_usuario IS NULL OR m.id_usuario = l_usuario_id)
     ORDER BY m.metrica;

  APEX_JSON.OPEN_OBJECT;
  APEX_JSON.WRITE('data', l_cur);
  APEX_JSON.CLOSE_OBJECT;
END;
/
42;METAS_CUMPLIMIENTO;On Demand;PL/SQL Anonymous Block;420;DECLARE
  l_cur  SYS_REFCURSOR;
  l_mes  NUMBER := NVL(TO_NUMBER(NULLIF(APEX_APPLICATION.G_X01,'')), EXTRACT(MONTH FROM SYSDATE));
  l_anio NUMBER := NVL(TO_NUMBER(NULLIF(APEX_APPLICATION.G_X02,'')), EXTRACT(YEAR  FROM SYSDATE));
BEGIN
  OPEN l_cur FOR
    SELECT u.id_usuario,
           u.nombre        AS ejecutivo,
           COUNT(cm.id_cumplimiento)           AS total_metas,
           SUM(CASE WHEN cm.pct_cumplimiento >= 100 THEN 1 ELSE 0 END) AS metas_cumplidas,
           ROUND(AVG(NVL(cm.pct_cumplimiento, 0)))                     AS pct_promedio,
           NVL(SUM(CASE WHEN m.metrica = 'VENTAS_MES' THEN cm.valor_actual ELSE 0 END), 0) AS ventas_mes
      FROM crm_usuario u
      LEFT JOIN crm_cumplimiento_meta cm ON cm.id_usuario = u.id_usuario
                                        AND cm.mes = l_mes AND cm.anio = l_anio
      LEFT JOIN crm_meta m ON m.id_meta = cm.id_meta
     WHERE u.rol = 'EJECUTIVO' AND u.activo = 1
     GROUP BY u.id_usuario, u.nombre
     ORDER BY pct_promedio DESC;

  APEX_JSON.OPEN_OBJECT;
  APEX_JSON.WRITE('data', l_cur);
  APEX_JSON.CLOSE_OBJECT;
END;
/
43;ALERTAS_LIST;On Demand;PL/SQL Anonymous Block;430;DECLARE
  l_cur        SYS_REFCURSOR;
  l_usuario_id NUMBER;
BEGIN
  SELECT id_usuario INTO l_usuario_id
    FROM crm_usuario
   WHERE UPPER(email) = UPPER(v('APP_USER')) AND activo = 1;

  OPEN l_cur FOR
    SELECT n.id_notificacion  AS id,
           n.tipo,
           n.titulo,
           n.mensaje,
           n.leida,
           n.fecha_creacion,
           n.id_lead,
           n.id_oportunidad,
           uo.nombre          AS origen_nombre
      FROM crm_notificacion n
      LEFT JOIN crm_usuario uo ON uo.id_usuario = n.id_usuario_origen
     WHERE n.id_usuario_destino = l_usuario_id
       AND n.leida = 0
     ORDER BY n.tipo DESC, n.fecha_creacion DESC;

  APEX_JSON.OPEN_OBJECT;
  APEX_JSON.WRITE('data', l_cur);
  APEX_JSON.CLOSE_OBJECT;
END;
/
44;ALERTAS_LOG;On Demand;PL/SQL Anonymous Block;440;DECLARE
  l_cur        SYS_REFCURSOR;
  l_usuario_id NUMBER;
  l_inicio     DATE := TO_DATE(NULLIF(APEX_APPLICATION.G_X01,''), 'YYYY-MM-DD');
  l_fin        DATE := TO_DATE(NULLIF(APEX_APPLICATION.G_X02,''), 'YYYY-MM-DD');
BEGIN
  SELECT id_usuario INTO l_usuario_id
    FROM crm_usuario
   WHERE UPPER(email) = UPPER(v('APP_USER')) AND activo = 1;

  OPEN l_cur FOR
    SELECT n.id_notificacion  AS id,
           n.tipo,
           n.titulo,
           n.mensaje,
           n.leida,
           n.fecha_creacion,
           n.fecha_lectura,
           n.canal,
           n.id_lead,
           n.id_oportunidad
      FROM crm_notificacion n
     WHERE n.id_usuario_destino = l_usuario_id
       AND (l_inicio IS NULL OR TRUNC(n.fecha_creacion) >= l_inicio)
       AND (l_fin    IS NULL OR TRUNC(n.fecha_creacion) <= l_fin)
     ORDER BY n.fecha_creacion DESC;

  APEX_JSON.OPEN_OBJECT;
  APEX_JSON.WRITE('data', l_cur);
  APEX_JSON.CLOSE_OBJECT;
END;
/
45;ALERTAS_MARCAR_LEIDA;On Demand;PL/SQL Anonymous Block;450;DECLARE
  l_id NUMBER := TO_NUMBER(APEX_APPLICATION.G_X01);
BEGIN
  UPDATE crm_notificacion
     SET leida        = 1,
         fecha_lectura= SYSDATE
   WHERE id_notificacion = l_id;

  APEX_JSON.OPEN_OBJECT;
  APEX_JSON.WRITE('success', SQL%ROWCOUNT > 0);
  APEX_JSON.CLOSE_OBJECT;

EXCEPTION
  WHEN OTHERS THEN
    APEX_JSON.OPEN_OBJECT;
    APEX_JSON.WRITE('success', FALSE);
    APEX_JSON.WRITE('error',   SQLERRM);
    APEX_JSON.CLOSE_OBJECT;
END;
/
46;EQUIPO_LIST;On Demand;PL/SQL Anonymous Block;460;DECLARE
  l_cur  SYS_REFCURSOR;
  l_mes  NUMBER := EXTRACT(MONTH FROM SYSDATE);
  l_anio NUMBER := EXTRACT(YEAR  FROM SYSDATE);
BEGIN
  OPEN l_cur FOR
    SELECT u.id_usuario,
           u.nombre,
           u.email,
           d.nombre                AS departamento,
           (SELECT COUNT(*)
              FROM crm_oportunidad o
              JOIN crm_estado_oportunidad eo ON eo.id_estado = o.id_estado_oportunidad
             WHERE o.id_usuario = u.id_usuario AND eo.tipo = 'ABIERTO'
           ) AS oportunidades,
           (SELECT COUNT(*)
              FROM crm_lead l
              JOIN crm_estado_lead el ON el.id_estado_lead = l.id_estado_lead
             WHERE l.id_usuario = u.id_usuario AND el.tipo = 'ABIERTO'
               AND l.id_oportunidad_generada IS NULL
           ) AS leads,
           (SELECT COUNT(*)
              FROM crm_actividad a
             WHERE a.id_usuario = u.id_usuario
               AND a.fecha_actividad >= TRUNC(SYSDATE, 'MM')
           ) AS actividades_mes,
           NVL((SELECT ROUND(AVG(cm.pct_cumplimiento))
                  FROM crm_cumplimiento_meta cm
                  JOIN crm_meta m ON m.id_meta = cm.id_meta
                 WHERE cm.id_usuario = u.id_usuario
                   AND cm.mes = l_mes AND cm.anio = l_anio), 0) AS cumplimiento
      FROM crm_usuario u
      LEFT JOIN crm_departamento d ON d.id_departamento = u.id_departamento
     WHERE u.rol = 'EJECUTIVO' AND u.activo = 1
     ORDER BY u.nombre;

  APEX_JSON.OPEN_OBJECT;
  APEX_JSON.WRITE('data', l_cur);
  APEX_JSON.CLOSE_OBJECT;
END;
/
47;EQUIPO_GET_EJECUTIVO;On Demand;PL/SQL Anonymous Block;470;DECLARE
  l_cur SYS_REFCURSOR;
  l_id  NUMBER := TO_NUMBER(APEX_APPLICATION.G_X01);
  l_mes  NUMBER := EXTRACT(MONTH FROM SYSDATE);
  l_anio NUMBER := EXTRACT(YEAR  FROM SYSDATE);
BEGIN
  OPEN l_cur FOR
    SELECT u.id_usuario,
           u.nombre,
           u.email,
           u.rol,
           u.ultimo_acceso,
           d.nombre       AS departamento,
           (SELECT NVL(SUM(o.valor_estimado),0)
              FROM crm_oportunidad o
              JOIN crm_estado_oportunidad eo ON eo.id_estado = o.id_estado_oportunidad
             WHERE o.id_usuario = l_id AND eo.tipo = 'GANADO'
               AND EXTRACT(MONTH FROM o.fecha_actualizacion) = l_mes
               AND EXTRACT(YEAR  FROM o.fecha_actualizacion) = l_anio
           ) AS ventas_mes,
           (SELECT COUNT(*)
              FROM crm_oportunidad o
              JOIN crm_estado_oportunidad eo ON eo.id_estado = o.id_estado_oportunidad
             WHERE o.id_usuario = l_id AND eo.tipo = 'ABIERTO'
           ) AS oportunidades_activas,
           (SELECT COUNT(*)
              FROM crm_actividad a
             WHERE a.id_usuario = l_id
               AND a.fecha_actividad >= TRUNC(SYSDATE) - 30
           ) AS actividades_30d,
           NVL((SELECT ROUND(AVG(cm.pct_cumplimiento))
                  FROM crm_cumplimiento_meta cm
                 WHERE cm.id_usuario = l_id
                   AND cm.mes = l_mes AND cm.anio = l_anio), 0) AS cumplimiento
      FROM crm_usuario u
      LEFT JOIN crm_departamento d ON d.id_departamento = u.id_departamento
     WHERE u.id_usuario = l_id;

  APEX_JSON.OPEN_OBJECT;
  APEX_JSON.WRITE('data', l_cur);
  APEX_JSON.CLOSE_OBJECT;
END;
/
48;MONITOREO_EJECUTIVOS;On Demand;PL/SQL Anonymous Block;480;DECLARE
  l_cur  SYS_REFCURSOR;
  l_mes  NUMBER := EXTRACT(MONTH FROM SYSDATE);
  l_anio NUMBER := EXTRACT(YEAR  FROM SYSDATE);
BEGIN
  OPEN l_cur FOR
    SELECT u.id_usuario                     AS id,
           u.nombre,
           d.nombre                         AS depto,
           NVL((SELECT ROUND(AVG(cm.pct_cumplimiento))
                  FROM crm_cumplimiento_meta cm
                 WHERE cm.id_usuario = u.id_usuario
                   AND cm.mes = l_mes AND cm.anio = l_anio), 0) AS comp,
           (SELECT NVL(SUM(o.valor_estimado),0)
              FROM crm_oportunidad o
              JOIN crm_estado_oportunidad eo ON eo.id_estado = o.id_estado_oportunidad
             WHERE o.id_usuario = u.id_usuario AND eo.tipo = 'GANADO'
               AND EXTRACT(MONTH FROM o.fecha_actualizacion) = l_mes
               AND EXTRACT(YEAR  FROM o.fecha_actualizacion) = l_anio
           ) AS ventas,
           (SELECT COUNT(*)
              FROM crm_oportunidad o
              JOIN crm_estado_oportunidad eo ON eo.id_estado = o.id_estado_oportunidad
             WHERE o.id_usuario = u.id_usuario AND eo.tipo = 'ABIERTO'
           ) AS opp,
           (SELECT COUNT(*)
              FROM crm_lead l
              JOIN crm_estado_lead el ON el.id_estado_lead = l.id_estado_lead
             WHERE l.id_usuario = u.id_usuario AND el.tipo = 'ABIERTO'
           ) AS leads,
           (SELECT COUNT(*)
              FROM crm_actividad a
             WHERE a.id_usuario = u.id_usuario
               AND a.fecha_actividad >= TRUNC(SYSDATE) - 30
           ) AS act,
           (SELECT COUNT(*)
              FROM crm_oportunidad o
              JOIN crm_estado_oportunidad eo ON eo.id_estado = o.id_estado_oportunidad
             WHERE o.id_usuario = u.id_usuario AND eo.tipo = 'ABIERTO'
               AND NOT EXISTS (SELECT 1 FROM crm_actividad a
                                WHERE a.id_oportunidad = o.id_oportunidad
                                  AND a.fecha_actividad >= TRUNC(SYSDATE) - 7)
           ) AS estancados,
           TRUNC(SYSDATE - NVL(
             (SELECT MAX(a.fecha_actividad)
                FROM crm_actividad a
               WHERE a.id_usuario = u.id_usuario AND a.virtual = 0), SYSDATE - 99)
           ) AS sin_actividad,
           CASE
             WHEN NVL((SELECT ROUND(AVG(cm.pct_cumplimiento))
                         FROM crm_cumplimiento_meta cm
                        WHERE cm.id_usuario = u.id_usuario
                          AND cm.mes = l_mes AND cm.anio = l_anio), 0) < 50 THEN 'red'
             WHEN NVL((SELECT ROUND(AVG(cm.pct_cumplimiento))
                         FROM crm_cumplimiento_meta cm
                        WHERE cm.id_usuario = u.id_usuario
                          AND cm.mes = l_mes AND cm.anio = l_anio), 0) < 75 THEN 'yellow'
             ELSE 'green'
           END AS estado
      FROM crm_usuario u
      LEFT JOIN crm_departamento d ON d.id_departamento = u.id_departamento
     WHERE u.rol = 'EJECUTIVO' AND u.activo = 1
     ORDER BY u.nombre;

  APEX_JSON.OPEN_OBJECT;
  APEX_JSON.WRITE('data', l_cur);
  APEX_JSON.CLOSE_OBJECT;
END;
/
49;MONITOREO_ACTIVIDADES_MAPA;On Demand;PL/SQL Anonymous Block;490;DECLARE
  l_cur   SYS_REFCURSOR;
  l_fecha DATE := NVL(TO_DATE(NULLIF(APEX_APPLICATION.G_X01,''), 'YYYY-MM-DD'), TRUNC(SYSDATE));
BEGIN
  OPEN l_cur FOR
    SELECT a.id_actividad            AS id,
           a.tipo,
           a.asunto                  AS titulo,
           a.resultado,
           a.virtual,
           TO_CHAR(a.fecha_actividad, 'HH24:MI') AS hora,
           u.nombre                  AS ejecutivo,
           m.nombre                  AS ciudad,
           ub.latitud,
           ub.longitud,
           o.titulo                  AS oportunidad,
           CASE
             WHEN a.resultado IS NOT NULL THEN 'completada'
             WHEN a.fecha_actividad < SYSDATE THEN 'vencida'
             ELSE 'programada'
           END AS estado
      FROM crm_actividad a
      JOIN crm_usuario u         ON u.id_usuario    = a.id_usuario
      LEFT JOIN crm_oportunidad o ON o.id_oportunidad= a.id_oportunidad
      LEFT JOIN crm_empresa e    ON e.id_empresa     = o.id_empresa
      LEFT JOIN crm_municipio m  ON m.id_municipio   = e.id_municipio
      LEFT JOIN crm_ubicacion ub ON ub.id_actividad  = a.id_actividad
     WHERE TRUNC(a.fecha_actividad) = l_fecha
       AND a.virtual = 0
     ORDER BY a.fecha_actividad;

  APEX_JSON.OPEN_OBJECT;
  APEX_JSON.WRITE('data', l_cur);
  APEX_JSON.CLOSE_OBJECT;
END;
/
50;ANALISIS_SECTORES;On Demand;PL/SQL Anonymous Block;500;DECLARE
  l_cur   SYS_REFCURSOR;
  l_mes   NUMBER;
  l_anio  NUMBER;
  l_per   VARCHAR2(7) := NULLIF(APEX_APPLICATION.G_X01,'');
BEGIN
  l_mes  := NVL(TO_NUMBER(SUBSTR(l_per,6,2)), EXTRACT(MONTH FROM SYSDATE));
  l_anio := NVL(TO_NUMBER(SUBSTR(l_per,1,4)), EXTRACT(YEAR  FROM SYSDATE));

  OPEN l_cur FOR
    SELECT s.id_sector,
           s.nombre                                        AS sector,
           s.color_hex,
           COUNT(o.id_oportunidad)                         AS opp_activas,
           NVL(SUM(o.valor_estimado), 0)                   AS pipeline,
           NVL(SUM(CASE WHEN eo.tipo = 'GANADO'
                        AND EXTRACT(MONTH FROM o.fecha_actualizacion) = l_mes
                        AND EXTRACT(YEAR  FROM o.fecha_actualizacion) = l_anio
                   THEN o.valor_estimado ELSE 0 END), 0)    AS ventas_mes,
           COUNT(CASE WHEN eo.tipo = 'GANADO'
                      AND EXTRACT(MONTH FROM o.fecha_actualizacion) = l_mes
                      AND EXTRACT(YEAR  FROM o.fecha_actualizacion) = l_anio
                 THEN 1 END)                                AS ganadas_mes,
           COUNT(CASE WHEN eo.tipo = 'PERDIDO'
                      AND EXTRACT(MONTH FROM o.fecha_actualizacion) = l_mes
                      AND EXTRACT(YEAR  FROM o.fecha_actualizacion) = l_anio
                 THEN 1 END)                                AS perdidas_mes,
           CASE WHEN COUNT(o.id_oportunidad) > 0
                THEN ROUND(100 * COUNT(CASE WHEN eo.tipo='GANADO' THEN 1 END)
                           / COUNT(o.id_oportunidad))
                ELSE 0 END                                  AS tasa_conversion
      FROM crm_sector s
      LEFT JOIN crm_oportunidad o ON o.id_sector = s.id_sector
      LEFT JOIN crm_estado_oportunidad eo ON eo.id_estado = o.id_estado_oportunidad
     GROUP BY s.id_sector, s.nombre, s.color_hex
     ORDER BY pipeline DESC;

  APEX_JSON.OPEN_OBJECT;
  APEX_JSON.WRITE('data', l_cur);
  APEX_JSON.CLOSE_OBJECT;
END;
/
51;ANALISIS_FORECAST;On Demand;PL/SQL Anonymous Block;510;DECLARE
  l_cur    SYS_REFCURSOR;
  l_meses  NUMBER := NVL(TO_NUMBER(NULLIF(APEX_APPLICATION.G_X01,'')), 6);
BEGIN
  OPEN l_cur FOR
    SELECT
      TO_CHAR(ADD_MONTHS(TRUNC(SYSDATE,'MM'), lvl-1), 'YYYY-MM') AS mes,
      NVL((SELECT SUM(o.valor_estimado)
             FROM crm_oportunidad o
             JOIN crm_estado_oportunidad eo ON eo.id_estado = o.id_estado_oportunidad
            WHERE eo.tipo = 'ABIERTO'
              AND EXTRACT(MONTH FROM o.fecha_cierre_estimada)
                  = EXTRACT(MONTH FROM ADD_MONTHS(TRUNC(SYSDATE,'MM'), lvl-1))
              AND EXTRACT(YEAR FROM o.fecha_cierre_estimada)
                  = EXTRACT(YEAR FROM ADD_MONTHS(TRUNC(SYSDATE,'MM'), lvl-1))
          ), 0) AS esperada,
      NVL((SELECT SUM(o.valor_estimado * LEAST(NVL(o.probabilidad_cierre,50)*1.2,100) / 100)
             FROM crm_oportunidad o
             JOIN crm_estado_oportunidad eo ON eo.id_estado = o.id_estado_oportunidad
            WHERE eo.tipo = 'ABIERTO'
              AND EXTRACT(MONTH FROM o.fecha_cierre_estimada)
                  = EXTRACT(MONTH FROM ADD_MONTHS(TRUNC(SYSDATE,'MM'), lvl-1))
              AND EXTRACT(YEAR FROM o.fecha_cierre_estimada)
                  = EXTRACT(YEAR FROM ADD_MONTHS(TRUNC(SYSDATE,'MM'), lvl-1))
          ), 0) AS optimista,
      NVL((SELECT SUM(o.valor_estimado * NVL(o.probabilidad_cierre,50)*0.6 / 100)
             FROM crm_oportunidad o
             JOIN crm_estado_oportunidad eo ON eo.id_estado = o.id_estado_oportunidad
            WHERE eo.tipo = 'ABIERTO'
              AND EXTRACT(MONTH FROM o.fecha_cierre_estimada)
                  = EXTRACT(MONTH FROM ADD_MONTHS(TRUNC(SYSDATE,'MM'), lvl-1))
              AND EXTRACT(YEAR FROM o.fecha_cierre_estimada)
                  = EXTRACT(YEAR FROM ADD_MONTHS(TRUNC(SYSDATE,'MM'), lvl-1))
          ), 0) AS pesimista,
      CASE WHEN ADD_MONTHS(TRUNC(SYSDATE,'MM'), lvl-1) <= TRUNC(SYSDATE,'MM') THEN
        NVL((SELECT SUM(o.valor_estimado)
               FROM crm_oportunidad o
               JOIN crm_estado_oportunidad eo ON eo.id_estado = o.id_estado_oportunidad
              WHERE eo.tipo = 'GANADO'
                AND EXTRACT(MONTH FROM o.fecha_actualizacion)
                    = EXTRACT(MONTH FROM ADD_MONTHS(TRUNC(SYSDATE,'MM'), lvl-1))
                AND EXTRACT(YEAR FROM o.fecha_actualizacion)
                    = EXTRACT(YEAR FROM ADD_MONTHS(TRUNC(SYSDATE,'MM'), lvl-1))
            ), 0)
      ELSE NULL END AS real
    FROM (SELECT LEVEL AS lvl FROM DUAL CONNECT BY LEVEL <= l_meses)
    ORDER BY lvl;

  APEX_JSON.OPEN_OBJECT;
  APEX_JSON.WRITE('data', l_cur);
  APEX_JSON.CLOSE_OBJECT;
END;
/
52;REPORTES_LIST;On Demand;PL/SQL Anonymous Block;520;DECLARE
  l_cur SYS_REFCURSOR;
BEGIN
  OPEN l_cur FOR
    SELECT 1 AS id, 'Pipeline Ejecutivo'         AS titulo, 'Detalle de oportunidades activas por etapa'          AS descripcion, 'PIPELINE'       AS cat FROM DUAL UNION ALL
    SELECT 2,       'Cumplimiento de Metas',        'Avance vs meta por ejecutivo y período',                        'METAS'          FROM DUAL UNION ALL
    SELECT 3,       'Actividades de Campo',          'Registro de visitas, llamadas y reuniones por ejecutivo',        'ACTIVIDADES'    FROM DUAL UNION ALL
    SELECT 4,       'Análisis de Sectores',          'Distribución de ventas y pipeline por sector industrial',        'ANALISIS'       FROM DUAL UNION ALL
    SELECT 5,       'Forecast de Ventas',            'Proyección de ingresos basada en probabilidad de cierre',        'FORECAST'       FROM DUAL UNION ALL
    SELECT 6,       'Leads por Origen',              'Efectividad de cada canal de captación de prospectos',           'LEADS'          FROM DUAL UNION ALL
    SELECT 7,       'Clientes Nuevos',               'Empresas nuevas cerradas en el período',                         'CLIENTES'       FROM DUAL UNION ALL
    SELECT 8,       'Proyectos en Ejecución',        'Estado y avance de proyectos post-venta',                        'PROYECTOS'      FROM DUAL UNION ALL
    SELECT 9,       'Alertas y Estancados',          'Oportunidades sin actividad reciente por ejecutivo',              'ALERTAS'        FROM DUAL
    ORDER BY id;

  APEX_JSON.OPEN_OBJECT;
  APEX_JSON.WRITE('data', l_cur);
  APEX_JSON.CLOSE_OBJECT;
END;
/
53;REPORTES_GENERAR;On Demand;PL/SQL Anonymous Block;530;DECLARE
  l_cur    SYS_REFCURSOR;
  l_tipo   VARCHAR2(30) := UPPER(APEX_APPLICATION.G_X01);
  l_inicio DATE := TO_DATE(NULLIF(APEX_APPLICATION.G_X02,''), 'YYYY-MM-DD');
  l_fin    DATE := TO_DATE(NULLIF(APEX_APPLICATION.G_X03,''), 'YYYY-MM-DD');
BEGIN
  IF l_tipo = 'PIPELINE' THEN
    OPEN l_cur FOR
      SELECT o.titulo, eo.nombre AS estado, o.valor_estimado,
             o.fecha_cierre_estimada, u.nombre AS ejecutivo, e.nombre AS empresa
        FROM crm_oportunidad o
        JOIN crm_estado_oportunidad eo ON eo.id_estado = o.id_estado_oportunidad
        JOIN crm_usuario u             ON u.id_usuario = o.id_usuario
        LEFT JOIN crm_empresa e        ON e.id_empresa = o.id_empresa
       WHERE eo.tipo = 'ABIERTO'
         AND (l_inicio IS NULL OR o.fecha_creacion >= l_inicio)
         AND (l_fin    IS NULL OR o.fecha_creacion <= l_fin)
       ORDER BY eo.orden, o.valor_estimado DESC;

  ELSIF l_tipo = 'ACTIVIDADES' THEN
    OPEN l_cur FOR
      SELECT a.tipo, a.asunto, a.fecha_actividad, a.resultado,
             u.nombre AS ejecutivo, o.titulo AS oportunidad
        FROM crm_actividad a
        JOIN crm_usuario u          ON u.id_usuario    = a.id_usuario
        LEFT JOIN crm_oportunidad o ON o.id_oportunidad= a.id_oportunidad
       WHERE (l_inicio IS NULL OR TRUNC(a.fecha_actividad) >= l_inicio)
         AND (l_fin    IS NULL OR TRUNC(a.fecha_actividad) <= l_fin)
       ORDER BY a.fecha_actividad DESC;

  ELSIF l_tipo = 'LEADS' THEN
    OPEN l_cur FOR
      SELECT l.titulo, l.nombre_empresa, el.nombre AS estado,
             ol.nombre AS origen, u.nombre AS ejecutivo, l.fecha_creacion
        FROM crm_lead l
        JOIN crm_estado_lead el ON el.id_estado_lead = l.id_estado_lead
        JOIN crm_origen_lead ol ON ol.id_origen_lead = l.id_origen_lead
        JOIN crm_usuario u      ON u.id_usuario      = l.id_usuario
       WHERE (l_inicio IS NULL OR TRUNC(l.fecha_creacion) >= l_inicio)
         AND (l_fin    IS NULL OR TRUNC(l.fecha_creacion) <= l_fin)
       ORDER BY l.fecha_creacion DESC;

  ELSE
    OPEN l_cur FOR SELECT 'tipo_no_soportado' AS error FROM DUAL WHERE 1=0;
  END IF;

  APEX_JSON.OPEN_OBJECT;
  APEX_JSON.WRITE('data', l_cur);
  APEX_JSON.WRITE('tipo', l_tipo);
  APEX_JSON.CLOSE_OBJECT;
END;
/
54;CONFIGURACION_GET;On Demand;PL/SQL Anonymous Block;540;DECLARE
  l_cur SYS_REFCURSOR;
BEGIN
  OPEN l_cur FOR
    SELECT clave,
           valor,
           unidad,
           descripcion
      FROM crm_configuracion_sistema
     ORDER BY clave;

  APEX_JSON.OPEN_OBJECT;
  APEX_JSON.WRITE('data', l_cur);
  APEX_JSON.CLOSE_OBJECT;
END;
/